Width,Height,AverageTime_ms,Variance_ms2
128,128,247.52978563308716,254.31082743813818
256,256,303.42901706695557,112.04892630919403
512,512,618.8361167907715,1654846.6230210485
1024,1024,2128.0283093452454,56223298.980321884
2048,2048,4604.744503498077,25779923.031736426
